{
    "episode_index": {
        "min": [
            0
        ],
        "max": [
            49
        ],
        "mean": [
            24.5
        ],
        "std": [
            14.430869689661812
        ],
        "count": [
            25000
        ]
    },
    "action": {
        "min": [
            -0.2883884012699127,
            -0.9556700587272644,
            0.3021942377090454,
            -0.2653786838054657,
            -0.5445631742477417,
            -0.4141748249530792,
            0.08270374685525894,
            -0.4724660813808441,
            -0.9940195679664612,
            0.08897088468074799,
            -0.2208932340145111,
            -0.4448544383049011,
            -0.8452234268188477,
            -0.06495711207389832
        ],
        "max": [
            0.31753402948379517,
            0.08436894416809082,
            1.2225826978683472,
            0.28071850538253784,
            0.9986215233802795,
            0.4417864680290222,
            1.162463665008545,
            0.3206019997596741,
            0.20555342733860016,
            1.211844801902771,
            0.7056311964988708,
            1.1458836793899536,
            0.4801360070705414,
            0.9540639519691467
        ],
        "mean": [
            0.007535828239633701,
            -0.18172586143016814,
            0.7322161793708801,
            -0.006863677342189476,
            0.4357187467813492,
            -0.0031045764312148095,
            0.2791749158501625,
            -0.10019978007920144,
            -0.2062368370592594,
            0.643529589176178,
            0.2016645197663456,
            0.6110105681419372,
            -0.14404069803655148,
            0.2545683926343918
        ],
        "std": [
            0.10980393348805376,
            0.21561158749436957,
            0.20219530343679318,
            0.1066039457881629,
            0.22041429996349493,
            0.13943076585574887,
            0.27067755177064384,
            0.1424787174041294,
            0.3127114242339757,
            0.28606978415028883,
            0.19153233491646937,
            0.29991306459419265,
            0.28795667517234913,
            0.3503589310476069
        ],
        "count": [
            25000
        ]
    },
    "timestamp": {
        "min": [
            0.0
        ],
        "max": [
            9.979999542236328
        ],
        "mean": [
            4.989999771118164
        ],
        "std": [
            2.8867456912994385
        ],
        "count": [
            25000
        ]
    },
    "next.done": {
        "min": [
            false
        ],
        "max": [
            true
        ],
        "mean": [
            0.002
        ],
        "std": [
            0.044676615807377355
        ],
        "count": [
            25000
        ]
    },
    "observation.state": {
        "min": [
            -0.2860569655895233,
            -0.9599999785423279,
            0.3066967725753784,
            -0.2636253535747528,
            -0.493009477853775,
            -0.42267003655433655,
            0.0,
            -0.4774622619152069,
            -0.9905557632446289,
            0.09440229088068008,
            -0.22565385699272156,
            -0.43221959471702576,
            -0.8460990786552429,
            -0.012096084654331207
        ],
        "max": [
            0.3167214095592499,
            0.075322724878788,
            1.2031160593032837,
            0.2756938934326172,
            0.9997532367706299,
            0.44105732440948486,
            1.091105341911316,
            0.3204266130924225,
            0.20700688660144806,
            1.2157615423202515,
            0.8068909645080566,
            1.1542441844940186,
            0.5063774585723877,
            1.0758001804351807
        ],
        "mean": [
            0.007601042815185793,
            -0.18723902240395546,
            0.738219347000122,
            -0.007421847051009536,
            0.44064857631921767,
            -0.0038443716615438463,
            0.6210289788246155,
            -0.09899227744201199,
            -0.21497444868087767,
            0.6489820814132691,
            0.18937693163752556,
            0.6149135357141495,
            -0.1431253582984209,
            0.4160814267396927
        ],
        "std": [
            0.10907029295733112,
            0.22419280700711985,
            0.2027657189650516,
            0.10341581070682483,
            0.22568835085903202,
            0.13937632204792363,
            0.19231783664111698,
            0.14224260929318702,
            0.3174291111566032,
            0.28545147644860586,
            0.18508381131515458,
            0.3043302204695793,
            0.2879387080325215,
            0.257409232598319
        ],
        "count": [
            25000
        ]
    },
    "frame_index": {
        "min": [
            0
        ],
        "max": [
            499
        ],
        "mean": [
            249.5
        ],
        "std": [
            144.33727862198316
        ],
        "count": [
            25000
        ]
    },
    "index": {
        "min": [
            0
        ],
        "max": [
            24999
        ],
        "mean": [
            12499.5
        ],
        "std": [
            7216.87835909682
        ],
        "count": [
            25000
        ]
    },
    "task_index": {
        "min": [
            0
        ],
        "max": [
            0
        ],
        "mean": [
            0.0
        ],
        "std": [
            0.0
        ],
        "count": [
            25000
        ]
    },
    "observation.images.top": {
        "min": [
            [
                [
                    0.0
                ]
            ],
            [
                [
                    0.0
                ]
            ],
            [
                [
                    0.0
                ]
            ]
        ],
        "max": [
            [
                [
                    1.0
                ]
            ],
            [
                [
                    1.0
                ]
            ],
            [
                [
                    1.0
                ]
            ]
        ],
        "mean": [
            [
                [
                    0.16155656486749648
                ]
            ],
            [
                [
                    0.1607235425710678
                ]
            ],
            [
                [
                    0.1626602178812027
                ]
            ]
        ],
        "std": [
            [
                [
                    0.20358018253798482
                ]
            ],
            [
                [
                    0.20211686240417756
                ]
            ],
            [
                [
                    0.20560178788528785
                ]
            ]
        ],
        "count": [
            5250
        ]
    }
}